"EMPRESA,STAND",Status,Nome 1,Linkedin 1,Nome 2,Linkedin 2
"O-LINKE,J-40f",Não,,,,
"SANTÉ,F-90",Provável,Pierr Maxime,https://www.linkedin.com/in/pierrecolnet/,,
"INOVAMED,H-40",Sim,Jhonatan Boni,https://www.linkedin.com/in/jhonatan-boni-848581148/,,
"Formosa,A-155",Intern,,,,
"SUPERA,D-150",Não,,,,
"Imediato,H-69",Não,,,,
"PORTAL HOSPITALAR,H-20",Não,,,,
"1A+A+A,G-170h",Intern,,,,
"Linear,A-30",Não,,,,
"MEDICAR SOLUÇÕES EM SAÚDE,K-40",Sim,Cristiano Alessandro,https://www.linkedin.com/in/cristiano-alessandro-leite-de-freitas-42135b3b/,,
"FIAT,K-18",,,,,
"LANCO,F-45",Sim,Marcos Eli,https://www.linkedin.com/in/marcos-eli-alves-12503423b/,,
"CELER,D-128",Sim,Denilson Laudares,https://www.linkedin.com/in/denilson-laudares-rodrigues-07ba02b/,,
"Transform,B-83",,,,,
"OPTIKA,E-181",Provável,Agnaldo Manotoan,Sem linkedin,,
"Maera,F-91",Não,Bruna Manetta,https://www.linkedin.com/in/bruna-manetta/,,
"CEPALAB,C-131",Sim,Jorge Rezende,https://www.linkedin.com/in/jorge-rezende-594869b2/,Gabriel Coxir,https://www.linkedin.com/in/gabrielcoxir/
"MEDI SAÚDE PRODUTOS MÉDICOS HOSPITALARES,C-31",Sim,Fernando,https://www.linkedin.com/in/fernando-almeida-9a881a122/,Joao,https://www.linkedin.com/in/jo%25C3%25A3o-bosco-dias-ferreira-filho-063260217?skipRedirect=true&miniProfileUrn=urn%3Ali%3Afs_miniProfile%3AACoAADatLksB1_vrv9xXK8K8e8die6JRNYwlPPo
"TETO,F-70",Não,Rodrigo Motta,https://www.linkedin.com/in/rodrigo-g-motta-8156545/,,
"FRESENIUS KABI BRASIL LTDA,G-28",Sim,Paulo,https://www.linkedin.com/in/pauloberti/,Jorge,https://www.linkedin.com/in/jorge-stuart-ba160b27/
"CIRÚRGICA FERNANDES,C-160",Sim,Rodrigo Ribeiro,https://www.linkedin.com/in/rodrigo-fonseca-ribeiro/,,
"ALTERNATIVA,K-30 | L-26 | L-38",Sim,Eduardo,https://www.linkedin.com/in/eduardo-louren%C3%A7o-6042b36a/,,
"VIDA HOSPITALAR,E-195",Sim,,,,
"IDEAR,G-220h",Não,Miguel,https://www.linkedin.com/in/miguel-angel-picardi-35396636/,,
"SEFAM,G-202a",Não,,,,
"CLOUDIA,A-106",Não,,,,
"B BRAUN,D-31",Sim,Michael Dickscheid,https://www.linkedin.com/in/michaeldickscheid/,Izabella,https://www.linkedin.com/in/izabellabastosfernandes/
"BIOBASE,M-07",Sim,,,,
"Elis,F-111",Não,,,,
"SENAC,F-168",Não,,,,
"SOL-M,C-129",Não,,,,
"Solara Laboratories,D-300b",Intern,,,,
"OXIGENOTERAPIA,G-220c",Intern,,,,
"HORIZONTE HOSPITALAR,B-81",Provável,,,,
"White Martins Gases Industriais,G-21",Sim,Jaqueline Souza,https://www.linkedin.com/in/jaqueline-valerio-souza/,,
"CITROEN,K-16",,,,,
"FANEM,F-39",Sim,Roberto Massaro,https://www.linkedin.com/in/roberto-massaro-aa8316195/,Rubens Massaro,https://www.linkedin.com/in/rubens-massaro-6904273b/
"BRASIL MEDICAL,E-209",Não,,,,
"SIMPRO,C-145",Sim,Jorge Peñaranda,https://www.linkedin.com/in/jorge-pe%C3%B1aranda-80b48b97/,,
"AMCOR,I-16",Sim,Daniel Figueiredo,https://www.linkedin.com/in/danielzfigueiredo/,Gustavo Botelho,https://www.linkedin.com/in/gustavobotelho/
"custo med,G-170f",,,,,
"Cirúrgica São Felipe Produtos Para Saúde,I-08",Sim,não tem mas procurar,,,
"Olimed Material Hospitalar,F-140",Sim,Giane Furtado,https://www.linkedin.com/in/giane-furtado-adames-aa92b7145/,,
"JOAOMED,D-151",Sim,não tem mas procurar,,,
"Sincron,E-90",Não,,,,
"Medtronic,F-59",Sim,Laureci Lopes,https://www.linkedin.com/in/laurecilopes/,Simone Seixas,https://www.linkedin.com/in/sseixas/
"Pilati,F-130",,,,,
"GENESIS,A-23",,,,,
"Baxter,E-31",Sim,Mariana Telles,,,
"MACROSUL,C-91",,,,,
"Xc Medico,H-109",,,,,
"PHILIPS,E-11",,André Duprat,https://www.linkedin.com/in/andreduprat/,Franco,
"FUTURE MEDICAL,D-81",,,,,
"OTIMA,B-159",,,,,
"CANON,C-41",,,,,
"TEKA,G-71",,,,,
"DANKIA,E-71",,,,,
"INJEX,D-168",,,,,
"PROTEC,C-21",,,,,
"SISPACK,C-140",,Clarissa Lassala,https://www.linkedin.com/in/clarissa-lassala-6234139b/,,
"Grand Medical,C-205",,,,,
"AM Medical,A-27",,,,,
"Medmax,H-28",,,,,
"Samtronic,G-10",,Diego Pavan,https://www.linkedin.com/in/diego-pavan-934ba764/,,
"CIRURGICA CERON,G-141",,,,,
"INSTRAMED,D-39",,Denis Barbosa,https://www.linkedin.com/in/denis-barbosa/,,
"GE Healthcare,F-11",,,,,
"CARDIOS,C-52",,Erica Chriguer,https://www.linkedin.com/in/ericachriguer/,,
"HEXAGON,B-101",,,,,
"BIOTÉCNICA,J-40J",,,,,
"Biotecno,J-13",,,,,
"ALFA MED SISTEMAS MÉDICOS LTDA,G-40a",,,,,
"Soluti,D-101",,Vinicius,https://www.linkedin.com/in/vinicius-sousa-b9382129/,,
"LIFEMED,E-68",,Fabio,https://www.linkedin.com/in/fabio-montico/,Franco,https://www.linkedin.com/in/francopallamolla/
"SHIMADZU DO BRASIL,F-79",,,,,
"Acto,G-170b",,,,,
"ATHOS BRASIL,K-50",,,,,
"E-CARE MEDICAL,H-139",,,,,
"DELLAMED,E-130 | E-140",,Felipe,https://www.linkedin.com/in/felipe-della-giustina-9050b17a/,,
"STERIS,F-21",,,,,
"Stellantis,L-42",,,,,
"MedLevensohn,G-151",,Fabio Cirillo,https://www.linkedin.com/in/fabio-cirillo-22060227/,Fernando Marinheiro,https://www.linkedin.com/in/fernando-marinheiro/
"SEBRAE PR,B-107",,,,,
"HOSPCOM,I-18",,Rodolfo Pracanico,https://www.linkedin.com/in/rodolfo-pracanico-inacio/,,
"LEICA,B-68",,,,,
"ZEISS,B-19",,,,,
"LABINBRAZ,B-192  / Weiner",,Cesar Masini,https://www.linkedin.com/in/cesar-masini/,,
"MEDPEJ,F-50",,Vivian Rocha,https://www.linkedin.com/in/vivian-rocha-26b9bb279/,,
"HARTMANN,K-08",,,,,
"CIVIAM BRASIL,C-69",,,,,
"CARDINAL,D-49",,,,,
"KONICA MINOLTA HEALTHCARE DO BRASIL,F-41",,Daniel Martins,https://www.linkedin.com/in/danielncmartins/,,
"Controller Comércio,G-121",,,,,
"SC MEDICAL,E-60",,Tadeu Ferado,https://www.linkedin.com/in/tadeu-feraso-858667149/,,
"Suzuki,G-41",,,,,
"MÓVEIS ANDRADE,A-50",,,,,
"ECOMED COMÉRCIO DE PRODUTOS MÉDICOS LTDA,B-69",,Derek Flint,https://www.linkedin.com/in/derek-flinte-6687841a/,,
"POLYMED,B-149",,,,,
"MINDRAY,D-11",,,,,
"ESTERELIZA,C-151",,,,,
"Ford Brasil,K-20",,,,,
"LAYOUT MÓVEIS,G-88",,,,,
"TKL BRASIL,C-149",,Gustavo Schultz,https://www.linkedin.com/in/gustavo-g-schultz-bb82ba40/,,
"LEISTUNG,G-18",,,,,
"M2LIFE,D-178",,,,,
"LAERDAL MEDICAL,D-120",,,,,
"DRÄGER DO BRASIL,G-11",,,,,
"ARJO,F-128",,,,,
"SEBRAE MG,H-141",,,,,
"ORTHO PAUHER,E-120",,,,,
"Prolab,H-200",,,,,
"DIVINO HOSPITALAR,G-104",,,,,
"GIGANTE PRODUTOS MÉDICOS,B-46",,,,,
"HANDLE,A-70",,,,,
"Intermed,B-09",,,,,
"SALUTEM HOSPITALARES,J-30",,,,,
"HEALTH INDÚSTRIA,A-88",,,,,
"MUCAMBO,E-205",,,,,
"Strattner,F-29",,,,,
"ECO DIAGNÓSTICA,D-144",,,,,
"HEALTH CLEAN,F-119",,,,,
"C-CORE INDÚSTRIA,G-58",,,,,
"FORTEC,SEM STAND",,,,,
"Stryker,G-31",,,,,
"AGFA DO BRASIL,I-28",,,,,
"Tec Mobile,A-113",,,,,
"NIHON KOHDEN,E-48",,,,,
"KLINGO,B-112",,,,,
"GETINGE,E-21",,,,,
"BARRFAB,G-39",,,,,
"MACOM,E-171",,,,,
"BHIO SUPPLY,C-51",,,,,
"BIO ENGENHARIA,J-40g",,,,,
"SANTALMAS,D-79",,,,,
"LINET,D-41",,,,,
"Unitec Hospitalar,C-44",,,,,
"VENTCARE,A-58",,,,,
"Via Medical,C-185",,,,,
"KONIMAGEM,B-102",,,,,
"BIO INFINITY,E-46",,,,,
"OLIDEF,D-61",,,,,
"Erbe,C-19",,,,,
"LOCMED,E-69",,,,,
"EBD BIOTECH,B-143",,,,,
"Med Flex,B-65",,,,,
"DANIALEX,D-180",,,,,
"High-Tech,G-49",,,,,
"SEBRAE RS,B-115",,,,,
"MONTSERRAT,E-151",,,,,
"DGS Brasil,D-88",,,,,
"CONFIANCE MEDICAL,C-51",,,,,
"MISSNER,E-191",,,,,
"MAGNAMED,C-39",,,,,
"CERAMED,H-210c",,,,,
"D+ SAUDE VEICULOS ESPECIAIS LTDA,L-42",,,,,
"FIRSTLAB,A-162",,,,,
"MANDALA,A-56",,,,,
"Maple Hospitalar,B-191",,,,,
"MERCUR,E-161",,,,,
"MED LIGHT,D-71",,,,,
"TERUMO,G-62",,,,,
"PHOENIX LUFERCO,B-29",,,,,
"BIOCLIN,E-149a",,,,,
"W&H Med,H-170a",,,,,
"Ortosintese,E-61",,,,,
"FUJIFILM DO BRASIL LTDA,J-65",,,,,
"ANATOMIC,F-169",,,,,
"CENTRAL FLEX,J-40d",,,,,
"DORTE,G-166",,,,,
"BD- BECTON DICKINSON,D-56",,,,,
"OLSEN,C-188",,,,,
"Perfetto,F-133",,,,,
"RIVIO,A-104",,,,,
"CM COMANDOS,E-79",,,,,
"HORTRON PRODUTOS MEDICOS,C-171",,,,,
"KARL STORZ,G-61",,,,,
"MUNDI REPRESENTAÇÕES,J-10",,,,,
"Micromar,F-185",,,,,
"Microma,G-169h",,,,,
"SABIE,D-201",,,,,
"TOTVS,D-110",,,,,
"LABORMED,A-67",,,,,
"MP MATERIAIS HOSPITALARES,C-147",,,,,
"Doutores da Alegria,L-39",,,,,
"Vital C,A-84",,,,,
"Live! Healthcare Supplies,D-147",,,,,
"COMEN,E-29",,,,,
"Freedom Veículos Elétricos LTDA,E-118",,,,,
"LIVANOVA,J-12",,,,,
"Russer Brasil,B-41",,,,,
"LABNEWS,C-125",,,,,
"SISNACMED,E-19",,,,,
"DESCARPACK,F-171",,Conrado Araujo,https://www.linkedin.com/in/conradoaraujo/,,
"BAVARIA,G-170",,,,,
"Saúde One Sistemas,B-118",,Adriano Marques,https://www.linkedin.com/in/adrianomarques/,,
"CARDIOVENT COMERCIO E SERVICOS LTDA,H-30",,Gilberto Alfredo,https://www.linkedin.com/in/gilberto-alfredo-0516a74/,,
"FBAH,I-03",,,,,
"DB DIAGNÓSTICOS,C-141",,Leandro Dattoli,https://www.linkedin.com/in/leandro-dattoli/,Tobias Thabet,https://www.linkedin.com/in/tobias-thabet-martins-a80b78142/
"VALMIG,H-08",,Leonardo Perin,https://www.linkedin.com/in/leonardo-perin-de-oliveira-99712174/,,
"Unikon,C-210",,,,,
"PANAMEDICAL,C-78",,Horacio Ogata,https://www.linkedin.com/in/horacio-ogata-b213141b/,,
"BORLA,D-191",,,,,
"ORTHOTRAUMA,J-40a",,,,,
"OQTIS,B-37",,,,,
"BTL BRASIL,G-145",,,,,
"Dixmedical,F-64",,,,,
"SIUI,G-54",,,,,
"SL INSTRUMENTOS,G-158",,,,,
"OPUS MEDICAL,G-50",,,,,
"First Medical Service,G-38",,,,,
"Nilko Armários,G-70",,,,,
"NORA ALIMENTOS,G-110",,,,,
"Topema,F-90",,,,,
"Pixeon,E-91",,,,,
"MH LAB,C-121",,,,,
"TECME DO BRASIL,H-22",,Vanessa Gomes,https://www.linkedin.com/in/vanessa-gomes-gestora-comercial-saude/,,
"Inova Technology,G-169c",,,,,
"MTEX,H-180a",,,,,
"RAZEK,E-179",,,,,
"Global Medical,H-54",,,,,
"BK HOSPITALAR,H-49",,,,,
"PCI GASES DO BRASIL,D-68",,,,,
"TS SHARA,K-60",,,,,
"MEGA PLÁSTICOS,D-198",,,,,
"Instituto ACQUA,A-25",,,,,
"PANMEDICA NEGOCIOS HOSPITALARES LTDA,B-70",,,,,
"PHELCOM,A-127",,Jose Syuchi,https://www.linkedin.com/in/josestuchi/,,
"SAPI MED,D-280",,,,,
"SPINE IMPLANTES,J-40m",,,,,
"VALLITECH,F-51",,Ricardo Cristian,https://www.linkedin.com/in/ricardocfmarques/,,
"Special Gases do Brasil,D-47",,,,,
"DIMEX,G-220a",,,,,
"Pé sem dor,H-125",,,,,
"Trimed,B-181",,,,,
"Delfar Produtos Médicos,C-181",,,,,
"Uniqmed,D-171",,,,,
"Doc Tools,H-149",,,,,
"UTAS,A-67a",,,,,
"CRISTÓFOLI BIOSSEGURANÇA,F-61",,,,,
"Airo PVC,H-104",,,,,
"ABRAMED,B-137",,,,,
"Core Technology,C-56",,,,,
"MANTOVA,J-40b",,,,,
"Animati 2,E-119",,Jean Carlo Albiero,Animati,,
"IBRAMED,D-130",,Daniel Marques,https://www.linkedin.com/in/daniel-marques-62898714a/,,
"INTCO MEDICAL,E-198",,,,,
"MEDhCIR,A-31",,,,,
"Oxymed,D-50",,Paulo,https://www.linkedin.com/in/phmolinari/,,
"Planisa,C-110",,Agostini,https://www.linkedin.com/in/agostini-eduardo-luiz-5353b092/,,
"BIOTEK,C-206",,,,,
"BUSINESS FRANCE,G-202",,,,,
"BIOCON,C-139",,Louise Viana,https://www.linkedin.com/in/louise-viana-magalhaes/,,
"BIOSAT,H-59",,,,,
"ENDOBRAX,C-50",,Robson Santos,https://www.linkedin.com/in/robson-santos-ab274931/,,
"Quinelato,C-200",,,,,
"TTS DO BRASIL LTDA,SEM STAND",,,,,
"CMOS DRAKE SA,SEM STAND",,,,,
"OXINAL,A-21",,,,,
"SIEMENS HEALTHINEERS,G-19",,,,,
"BIOMASS BRASIL,C-168",,,,,
"BRAINLAB,D-59",,,,,
"WN Hospitalar,D-186",,,,,
"Cimtech,B-154",,,,,
"Global Tec Indústria e Comercio de Equipamentos Médicos Ltda,G-48",,,,,
"GS1 BRASIL,C-117",,,,,
"ONA - ORGANIZAÇÃO NACIONAL DE ACREDITAÇÃO,I-76a",,,,,
"VHMED,G-65",,,,,
"Rhosse Instrumentos e Equipamentos Cirúrgicos,E-49",,,,,
"CLEAN MEDICAL,C-28",,Lucas Meneguetti,https://www.linkedin.com/in/lucasmeneguetti/,,
"CRALPLAST,C-130",,Rony Cecconello,https://www.linkedin.com/in/rony-cecconello-629638a8/,,
"DINATEC,L-14",,,,,
"NOXTEC,E-89",,Breno Leal,https://www.linkedin.com/in/breno-leal-427a453a/,Robson Ctão,
"Soft Aid,B-178 | EX.02",,,,,
"TÜV RHEINLAND,C-79",,,,,
"Biocare,A-37",,,,,
"Biosensor,F-90",,,,,
"Bistos,A-62",,,,,
"iCelera,B-73",,Wilson Renato,https://www.linkedin.com/in/wilson-renato-francisco-90b2268/,,
"KL BRASIL,C-89",,Israel Valetin,https://www.linkedin.com/in/israel-valentim-087424102/,,
"KONEX INDÚSTRIA E COMÉRCIO LTDA,K-37",,Luiz Mucciolo,https://www.linkedin.com/in/luiz-mucciolo-b876087/,,
"PERFIL Assessoria Contábil,F-202",,,,,
"POSKOM,G-180c",,,,,
"Bralimpia Equipamentos,F-100",,,,,
"SPDATA,D-108",,,,,
"Toth Lifecare,F-58",,,,,
"ANAHP,I-36",,,,,
"MF INSTRUMENTAL,E-193a",,Marcelo Correia,https://www.linkedin.com/in/marcelo-correia-b0550831a/,,
"OMRON,B-195",,,,,
"ABIMED,H-32",,,,,
"MADU MOBILIÁRIO TÉCNICO LTDA,SEM STAND",,,,,
"7import Medical Group,B-31",,,,,
"ARKMEDS,D-119",,,,,
"CMR SURGICAL,F-56",,,,,
"ABDEH,H-96",,,,,
"AG SUS,I-05",,,,,
"BOWA MEDICAL,B-11",,Ronaldo Oliveira,https://www.linkedin.com/in/ronaldo-oliveira-941a6919/,,
"COSMODERMA INDÚSTRIA,B-202",,,,,
"IOL IMPLANTES,SEM STAND",,,,,
"MRC HOSPITALAR,B-196",,,,,
"Rufino Ortopedia,B-161",,,,,
"TANIS TECNOLOGIA,F-198",,,,,
"TEB Tecnologia Eletrônica Brasileira Ltda,B-78",,,,,
"BIONEXO,D-105",,,,,
"BIG FISH,F-189",,,,,
"Grupo Condor,D-57",,,,,
"Latini Group,D-211",,,,,
"Multitone,E-111",,,,,
"Power Lite,E-131",,,,,
"UNICRED,I-32",,,,,
"Beyond,E-51",,,,,
"ECLIN,G-38",,,,,
"LUMED,D-280a",,,,,
"NEOLASER,B-166",,,,,
"Shunmei Medical Co ltd,SEM STAND",,,,,
"TV DOUTOR,I-26",,,,,
"SALUX,D-109",,,,,
"HAOXI Equipamentos Médicos Hospitalares,J-20",,,,,
"Meheco do Brasil,D-208",,,,,
"Anadona Descartáveis para a Saúde,F-161",,,,,
"Grupo Guará,F-69",,,,,
"Medicalfix,G-130",,,,,
"SICOOB CREDICOM,H-24",,,,,
"TAKE CARE,F-141",,,,,
"VENOSAN,E-141",,,,,
"ALIVE HEART,D-179",,,,,
"Diferencial Tributária,H-30",,,,,
"grafMED,C-119",,,,,
"GST CORP,A-119",,,,,
"HPBIO,F-58",,,,,
"MAGIC MEDIC,G-128",,,,,
"Marconi Souto,G-108",Não,,,,
"MS TECNOLOGIA EM RADIOLOGIA,A-116",,,,,
"NOVA BIOMEDICAL BRASIL,B-138",Ñ localiz,,,,
"Nutromni Serviços de Nutrição,H-110",Sim,Ricardo Oliveira,https://www.linkedin.com/in/ricardo-oliveira-7558482a/,,
"Prointec,L-44",Ñ localiz,,,,
"PROM ARGENTINA,G-220",Intern,,,,
"Taimin,A-24",Sim,Camilla Augusto,,,
"OXY CÂMARAS,E-70",Sim,Patrícia Siqueira,https://www.linkedin.com/in/patr%C3%ADcia-siqueira-vancsek-7a5b09aa/,,
"Abimo,J-40 | K-56",,,,,
"Medix Brasil,E-180",,,,,
"Belgotex do Brasil,G-103",,,,,
"BSZ Cirúrgica,C-179",,,,,
"Duosystem,D-89",,,,,
"FAMI Tecnologia Médica,J-14",,Daniel,https://www.linkedin.com/in/daniel-armentano/,Alexandre,https://www.linkedin.com/in/alexandre-nardi-bb196233/
"GLOBALTHINGS,C-80",,,,,
"GRUPO LEMOS & ANDRADE,C-169",,,,,
"GVS DO BRASIL LTDA,C-189",,Carlos,https://www.linkedin.com/in/carlos-henrique-alvarez-6419709/,,
"IMPOL,D-159",,,,,
"Mamute Equipamentos,G-59",,,,,
"Maxicor Produtos Médicos,E-189",,Hamilton,https://www.linkedin.com/company/maxicor-produtos-medicos/people/,,
"MSC MED,D-199",,,,,
"NIAZI CHOHFI,G-96",,,,,
"OSTEOMED,D-161",,Nidersani,https://www.linkedin.com/in/nidersani-ragonha-123b24111/,,
"RICHARD WOLF,H-38",,,,,
"RWR EQUIPAMENTOS HOSPITALARES,D-29",,,,,
"SDORF SCIENTIFIC,D-181",,,,,
"SUPERMEDY,E-121",,Albert K,https://www.linkedin.com/company/supermedy-imp-exp/people/?keywords=diretor,,
"UNITED MEDICAL INC,D-82",,,,,
"ALPHA AI,H-190a",,,,,
"ATRASORB,J-40e",,,,,
"ATS MEDICAL,H-145",,,,,
"Aygun,J-38",,,,,
"BIOMETAL,H-161",,,,,
"ELOMED,A-66",Sim,,,,
"FISHER & PAYKEL HEALTHCARE,C-49",Sim,Claudia Selestrin,https://www.linkedin.com/in/claudia-selestrin/,,
"Innovex,G-163",Intern,,,,
"Kinetic,G-320h",,,,,
"RF MEDICAL,G-180e",Intern procurar,,,,
"SCiTec,D-199",,,,,
"SEPLOU Medical,H-117",Não,,,,
"SHMEDIC,F-114",Não,,,,
"SICFLUX,A-35",,,,,
"Terra nova Logística LTDA,H-68",,,,,
"TWB Plásticos,G-100",,,,,
"WELL LEAD MEDICAL CO LTD,SEM STAND",,,,,
"WELLON,B-112",,,,,